id,predict
0,0.0
1,0.0
2,0.0
3,37.238138693484274
4,469.5509766426418
5,802.8688547224215
6,2051.3482164339603
7,2463.410856558927
8,2951.21202982206
9,2813.8355349782
10,2607.9848442318603
11,3050.041426547742
12,2868.7556563533662
13,2346.741295251795
14,2386.6139012993867
15,1495.115206954934
16,1099.7606084705808
17,586.6431022322686
18,223.34303850796653
19,20.47281697414287
20,0.0
21,0.0
22,0.0
23,0.0
24,0.0
25,0.0
26,3.7611515198705217
27,130.74118703656063
28,554.0524813433457
29,1462.0194196565694
30,1962.0880724183571
31,1998.9034598213325
32,3046.34178666561
33,3883.5928790490702
34,4208.827679113238
35,3900.838616556401
36,3864.525201948901
37,3562.62473610009
38,2842.2745760808248
39,2348.0077812940854
40,1804.795446484409
41,877.0488798366713
42,356.2578151222832
43,36.007997020803884
44,0.0
45,0.0
46,0.0
47,0.0
48,2.8021732897236014
49,1.3374548393737309
50,26.03407747142068
51,241.52777749685515
52,764.2155590122205
53,1678.845867221536
54,2761.977297442386
55,3489.249539311174
56,3644.477109494772
57,4484.164607085339
58,4731.462467233486
59,4941.467250973316
60,3728.6635291782527
61,3406.210478429316
62,2803.695270624712
63,2140.07394593727
64,1277.5740339087663
65,660.5522493591207
66,296.9583416444028
67,158.37726856174248
68,2.0014940042955534
69,0.0
70,0.0
71,0.0
72,0.2577429569818612
73,1.2630620887432062
74,11.035414400641312
75,133.65049176140042
76,444.0195065807807
77,848.2770130745746
78,2397.961571746082
79,3357.1883934971806
80,3669.1573040662174
81,3394.733743467344
82,3644.04225424886
83,3830.195659725817
84,3734.745332141088
85,2789.0702636632345
86,2915.119232517749
87,2636.3167888940075
88,2055.815019825287
89,999.9321892724522
90,279.0348066033093
91,0.0
92,0.0
93,0.0
94,0.0
95,0.0
96,0.0
97,0.0
98,27.44777057586992
99,234.96060192329728
100,588.0611426789258
101,854.5466107261923
102,2665.1908993275247
103,3164.175482363102
104,4252.199406982941
105,3795.3217227215455
106,4264.470654350283
107,4447.193694205015
108,4451.675361743203
109,4179.284145979799
110,3335.382087375554
111,2590.8085251833427
112,2029.656801609304
113,1033.043882293595
114,430.24958865975054
115,110.8654489603132
116,0.0
117,0.0
118,0.0
119,0.0
120,0.0
121,5.377707037430572
122,78.42803954755233
123,352.9780365938768
124,708.3210411347192
125,1596.3722520855197
126,2675.506727236753
127,3429.130693215441
128,4014.9254546413376
129,4077.365255537591
130,3902.4716869262015
131,2936.6672812860543
132,2906.124506823552
133,2966.9075113823287
134,2744.210876236011
135,2496.2091768605083
136,1546.778407995717
137,962.2123385760384
138,317.9275742808287
139,116.69318518334168
140,0.0
141,0.0
142,0.0
143,0.0
144,0.0
145,7.375053250061208
146,107.3634116372916
147,399.0713306385063
148,698.7948443049189
149,1608.869537203669
150,2643.0005870236023
151,3614.900609643106
152,3897.974894162744
153,4380.39538323634
154,3946.9942485592014
155,3858.9568844294326
156,3681.275235157437
157,3076.8887442892096
158,2819.774471827237
159,2414.6138633928445
160,1450.1405628952612
161,836.1386995453988
162,490.1446008863162
163,189.05748458203797
164,0.0
165,0.0
166,0.0
167,0.0
168,0.0
169,0.0
170,0.0
171,123.4251144101008
172,202.28676468243827
173,243.3907661294362
174,436.1805537503669
175,410.062182182421
176,674.9378731811198
177,882.6359446703694
178,911.391010080142
179,1278.9697111935632
180,1610.1424417682426
181,2321.965081279682
182,2337.509411720759
183,1932.980362679572
184,1278.3737159133657
185,678.5841682893554
186,308.2987105992669
187,125.83008833652109
188,0.0
189,1.993337529528194
190,1.9162908465167217
191,0.0
192,0.0
193,1.1525217603550129
194,59.160749722057616
195,201.01925162806853
196,392.6348505690346
197,908.2826824925244
198,1113.4673926935768
199,1975.370130538029
200,2581.941584480778
201,2277.796099217133
202,2801.9236364681224
203,2983.746778543441
204,2653.8545731944487
205,2669.122982709059
206,2076.4869326320245
207,1631.1849989384589
208,960.8414177412964
209,330.58929722830743
210,223.836263615998
211,6.999172444180481
212,0.0
213,0.0
214,0.0
215,0.0
216,0.0
217,0.0
218,7.156645848903448
219,109.64170049231184
220,241.66883546508103
221,348.63138416519496
222,694.2927891076961
223,943.284441765266
224,2096.4671494084723
225,2355.32589402893
226,1913.9907836685743
227,1812.7278142558096
228,1489.3169849202548
229,908.3167193767944
230,685.407076353145
231,563.0160262020307
232,576.896020907297
233,354.2335961728683
234,130.26137401131757
235,62.80441436213549
236,0.0
237,0.0
238,0.0
239,0.0
240,0.0
241,0.0
242,7.98961078982655
243,166.78142311769506
244,308.1308899330461
245,891.1003864929718
246,1222.5201459033465
247,1941.1962727618336
248,2417.204002581012
249,2287.224133912729
250,1698.2760780523124
251,1833.2234055730876
252,1929.6990830055672
253,1677.8778716599734
254,1524.9629048457225
255,1798.8403364852368
256,1522.1213376864791
257,680.1220822493074
258,565.813619014203
259,231.52586947074468
260,0.0
261,0.0
262,0.0
263,0.0
264,0.0
265,0.0
266,28.30122949741291
267,132.069004540266
268,351.8628180825673
269,841.9646416571069
270,1183.3649475995717
271,1204.9856634244695
272,1795.3600097087292
273,2178.4643390503043
274,2033.2545738051729
275,1702.2328597719622
276,1818.906257272303
277,1337.2306540908269
278,1242.4742281076208
279,1046.8949413872551
280,784.0513426196741
281,430.6018062541865
282,209.6689888610507
283,61.564631596143656
284,17.811108593738243
285,0.0
286,0.0
287,0.0
288,0.0
289,0.2057464532615096
290,53.909541453513526
291,112.89551306679678
292,432.1488871599906
293,755.5246382964197
294,1590.6615162936105
295,1873.5936985811077
296,1732.9670741955897
297,2007.020877108396
298,2045.5583432292285
299,2184.6853777697725
300,2301.5769177296747
301,1412.0121093975058
302,1582.5096385078427
303,1497.2171314122315
304,867.5569515580377
305,681.8726103346968
306,513.8570394426448
307,168.5685715378372
308,16.07820986538943
309,0.0
310,0.0
311,0.0
312,0.0
313,0.0
314,55.778372938753634
315,166.34566827047763
316,390.1109250138604
317,847.600367515903
318,1618.940352091233
319,1776.8677569949366
320,2541.2365439112587
321,2826.0585934931987
322,2810.545734956845
323,2533.8055261174927
324,2230.953820869825
325,1537.26174817462
326,1550.9173690263838
327,1074.0779054134234
328,842.2610658278047
329,563.7243460770138
330,130.77156292991117
331,16.93374250967592
332,0.0
333,0.0
334,0.0
335,0.0
336,0.0
337,0.0
338,24.846964328150552
339,91.07666044986615
340,225.3681891725525
341,608.8435149442979
342,940.305643184424
343,891.8236299842246
344,1377.1381468114018
345,1611.930084099493
346,1434.9059837982868
347,1540.4375583428262
348,1313.288213136421
349,1119.626864091745
350,1441.281485314006
351,1328.714835335014
352,1061.959224333597
353,350.5054968687839
354,278.2033222046357
355,93.97816498180288
356,15.719044755806866
357,0.0
358,0.0
359,0.0
360,0.0
361,0.0
362,31.201178592673937
363,168.80492638773967
364,303.8370007624473
365,654.5982571422885
366,848.7601346475599
367,1066.0369786735257
368,1784.1949981071089
369,2228.6553002737915
370,1958.0652420059148
371,2014.5351658076129
372,1810.6201257521425
373,1913.347672255232
374,1535.7000951116352
375,1197.7234327389467
376,675.7269609913292
377,680.0860463017985
378,345.27839163735933
379,101.73559625938267
380,11.820844372415884
381,0.0
382,0.0
383,0.0
384,0.0
385,0.0
386,29.714179828383177
387,164.02270632401428
388,324.66092629288266
389,666.0869836149039
390,781.2564568451604
391,1057.022667751889
392,1168.427079765826
393,1220.9640127314833
394,1403.4174125152622
395,1590.412714940558
396,1298.1812007865612
397,1491.3779844844184
398,1482.6142922150689
399,1312.6475474518547
400,842.3591583053471
401,769.6609819915396
402,350.25680806217133
403,194.92307916056805
404,97.77370373594428
405,0.0
406,0.0
407,0.2174135871881475
408,0.0
409,46.44003570105599
410,78.40808724909398
411,335.5594671064025
412,845.1601230880289
413,1902.8916471161808
414,2709.1423264401064
415,3733.37089293245
416,4243.112058932922
417,4879.082618864715
418,4791.820786882198
419,4754.986730728489
420,4751.434943086064
421,4061.824094042894
422,3376.831713350879
423,2835.30502043608
424,2110.349068387522
425,1174.7069973824284
426,581.1178441573354
427,291.7614612445148
428,27.228331159414846
429,0.0
430,0.0
431,0.8705699457066327
432,10.6234703577063
433,35.67439913188659
434,209.9867866645671
435,427.5498624864461
436,611.4002649543875
437,1404.572906624284
438,1964.541652953768
439,2403.521752547857
440,3309.121872273322
441,3822.984444591036
442,3342.2582812332435
443,3661.474219090464
444,1971.576525361923
445,987.0265029827711
446,1141.34121719893
447,1210.3668967579526
448,1111.2387931696314
449,817.6655447024915
450,236.73507007486216
451,102.46745389666826
452,0.0
453,0.0
454,0.0
455,0.0
456,3.886829594763231
457,4.362110921949414
458,0.0
459,155.32375180013196
460,408.2542610772674
461,954.3375929324526
462,2089.7340264511267
463,3281.045312123879
464,3628.3130155718186
465,3815.965995444688
466,3821.5281279892574
467,3997.162328250174
468,4315.657991497972
469,4049.7583727348447
470,3417.563430542697
471,2911.035353902685
472,2180.680889193857
473,1233.969702642805
474,567.4916276693266
475,266.83365788531813
476,49.77238186938905
477,0.0
478,0.0
479,2.051404030496043
480,7.378389071379598
481,13.69392018690791
482,116.70665856429562
483,276.65042000671446
484,752.932211716885
485,1479.0880646299222
486,2569.831935248786
487,3426.104728357257
488,3976.821271389751
489,4719.807533295583
490,4659.350895760433
491,4779.948595489104
492,4576.770047873782
493,4004.7380110652807
494,3442.7939037243937
495,2740.376593380316
496,2109.5289509121617
497,1239.7859050116383
498,582.7213298650613
499,283.93818655772816
500,66.13991313333723
501,0.0
502,0.0
503,0.0
504,2.227795132470014
505,19.854421504226867
506,128.616930043898
507,335.1276259106861
508,755.7700854062197
509,1698.9463559043231
510,2274.358098796998
511,3547.9868512357416
512,3882.965110500843
513,4658.54320114336
514,4598.579295268855
515,3996.615493751062
516,3134.7239557151
517,3060.792409712622
518,2451.4554216763127
519,1515.92779935808
520,1441.353325878972
521,975.890649811888
522,521.2419245961594
523,351.15144646373693
524,30.60168560300292
525,14.002365016310918
526,9.541254672995922
527,14.199621767474673
528,22.918974172050667
529,34.22544656461977
530,82.8611399092718
531,99.3239190253465
532,204.48207748520096
533,512.3258072579026
534,974.1375345983142
535,1153.7124015228114
536,1428.1661873314704
537,1024.6609076117782
538,884.3421405475564
539,2467.5480757873597
540,2993.468813764884
541,2967.1585054667
542,3179.615650887737
543,2491.12166049528
544,1595.5019621428398
545,1069.19531679266
546,451.31840263859146
547,270.60001338972734
548,67.96344129205218
549,0.0
550,0.0
551,0.0
552,1.9359427628473789
553,2.2668867878557943
554,24.33392949019209
555,198.5452794375277
556,293.9014495199476
557,276.66607337346346
558,406.7429785911275
559,675.3357768110335
560,1145.481088989934
561,1251.3820174355017
562,1253.2220416995874
563,995.5189290362432
564,1029.944982894215
565,883.5999744672366
566,1202.0148326255355
567,2397.151331368212
568,1508.9765940005493
569,708.8943927541254
570,427.1933643528098
571,146.5535709069522
572,0.0
573,0.0
574,0.0
575,0.0
576,0.0
577,0.0
578,53.74489795463181
579,250.53270385247876
580,717.1849631665626
581,1650.8645487841627
582,2769.2754907080234
583,3265.703250195233
584,3900.350735481749
585,4370.52837140311
586,4011.525966000203
587,3839.7525730848006
588,3147.9406608483528
589,2817.292274745556
590,2537.15811906162
591,2049.6704602231275
592,1198.4503892715002
593,1020.5159878755096
594,325.1370544250609
595,198.60803569643116
596,65.1951264269374
597,0.0
598,0.0
599,0.0
600,0.0
601,0.0
602,93.19067511442373
603,236.2690307256997
604,605.4900267259256
605,1355.4455075078854
606,2002.5137900641332
607,3558.436591685184
608,3916.918294132464
609,4025.557384067444
610,4182.343092198611
611,4446.134263660236
612,4322.31622268482
613,3927.444491849555
614,3111.59898168068
615,1980.9926982485492
616,1188.8819773438572
617,838.4794648467507
618,612.6499820534408
619,250.02846903615452
620,0.0
621,0.0
622,0.0
623,0.0
624,0.0
625,0.0
626,17.687731253803687
627,331.24066327126747
628,502.8001848489296
629,832.9997642085524
630,774.5385359395161
631,986.3591970987676
632,1190.6449731550058
633,952.8732357189872
634,1286.8293028542892
635,1012.4529847085076
636,1117.253115208391
637,1209.544597332375
638,1065.3495122439165
639,1068.943138749523
640,651.3653138537887
641,239.37494292357
642,125.29310444991668
643,30.056209486814197
644,0.0
645,0.0
646,0.0
647,2.803823837685755
648,2.313713451724311
649,0.8729653710275169
650,30.27362316443613
651,156.53092655410765
652,174.30612727460323
653,233.59866605971104
654,419.765615100073
655,590.6647083528359
656,805.3402058944966
657,734.7736979601193
658,672.1313152402868
659,794.9707176226048
660,642.3110709086358
661,813.7717445008711
662,887.5670438568325
663,702.744537376174
664,463.9514827101197
665,381.7191579032684
666,211.6286240645421
667,14.485631505964502
668,29.056235842639516
669,0.0
670,0.0
671,0.0
672,14.837527848546236
673,28.802620770325884
674,104.16175748093391
675,261.7545007193661
676,661.9193523882489
677,1067.8692705205212
678,2225.554010353013
679,2838.903106608515
680,3923.5951011349935
681,4081.471157684436
682,3956.86404802228
683,3980.495217903572
684,3334.8073123642657
685,3358.318443977005
686,2804.5163702773066
687,1829.9089833483883
688,1034.0430686013028
689,434.20261843405046
690,327.1521406477517
691,244.5631519675873
692,35.897066924623616
693,0.0
694,0.0
695,0.0
696,4.410052181545392
697,0.0
698,22.95192363315203
699,172.03052988339428
700,360.14363416750075
701,551.9958687640506
702,475.50739262767695
703,665.6873682383009
704,1202.790267930336
705,2312.741100323144
706,2656.430814434366
707,2389.5114268553666
708,2184.380287534538
709,2661.5233160276825
710,1672.4334394575212
711,811.9850898035868
712,540.9664345845548
713,407.4760948838931
714,255.7087966936701
715,183.71088534156965
716,4.923935259759471
717,0.0
718,0.0
719,0.0
720,9.23028412952708
721,10.458494410507727
722,9.051372659082086
723,8.013691765495308
724,57.45331220939288
725,135.98691020387776
726,232.6623569282266
727,375.2886922938354
728,449.9476094665361
729,451.3773154450872
730,431.7866978869047
731,463.6578158736394
732,500.005387659088
733,426.8005137381135
734,320.03377021039336
735,245.8620884255321
736,148.52399098329423
737,114.46779422240898
738,57.0437152959956
739,20.40914820554882
740,7.750256910060093
741,8.218859411339125
742,8.203381853797234
743,9.005071135053699
744,11.4930940237347
745,9.942359816068585
746,11.64429833206258
747,12.336056988709307
748,95.6271476142064
749,224.7902771389438
750,264.4247603358105
751,387.3541206142461
752,475.4005524855401
753,630.910860526815
754,676.454583705227
755,636.8120572027135
756,605.156008441967
757,559.2616394738121
758,458.044696151972
759,401.3030268718105
760,239.05936078713503
761,150.86190785742266
762,73.52081858482421
763,21.67858781647101
764,11.35414115642583
765,13.04914305868139
766,12.15893308502975
767,13.738517787281088
768,20.686969062260054
769,23.829660788044247
770,23.917919344201632
771,76.45855688149919
772,132.41606601487007
773,264.1639533879886
774,457.81564143291126
775,563.2214818970992
776,658.2520291501736
777,801.2759056360504
778,837.6263910710846
779,814.8609096251314
780,694.4992026444256
781,645.6393099247688
782,542.5254990351357
783,368.79305146834486
784,234.648667919606
785,134.41636448005113
786,86.16963428267361
787,30.902560018573656
788,16.98507590936961
789,32.12096218862626
790,22.5414128843218
791,21.13316209345906
792,12.097289350014632
793,12.116660950081483
794,11.234703665064004
795,30.47293485455593
796,72.23366906122594
797,210.730431078352
798,407.8988619049079
799,511.6283631601295
800,636.8791316699187
801,555.7250463719665
802,588.5682661013793
803,658.3043213651699
804,552.5964926147708
805,490.339435559
806,538.1138519922034
807,422.2697799667857
808,295.2165726351945
809,166.830259815344
810,83.6094982871016
811,32.56682422002698
812,15.838740617419967
813,14.055070828570312
814,15.418284170175378
815,15.3958919952667
816,32.033168564948525
817,17.2816357787803
818,18.885432577493827
819,58.68291576659786
820,132.0306285637165
821,235.2519162672502
822,425.1178838758371
823,499.7429783892694
824,658.9734726839171
825,675.5632321563037
826,717.864584852859
827,805.9631358873505
828,826.9223683047558
829,733.5884818698847
830,596.8479760920266
831,488.997365451324
832,299.6255773152008
833,190.4708996325542
834,101.50833158006608
835,50.23983565181755
836,59.84740249392848
837,41.594047537106135
838,50.877352848784746
839,46.90841147709923
840,27.056856801410035
841,34.1286628753741
842,41.63461713494426
843,92.8850891963909
844,150.19318823800745
845,297.1186284190375
846,446.1873569985863
847,528.3034553642748
848,694.2848006449104
849,659.4755036769484
850,603.106162403152
851,562.6674051962156
852,550.1373704275261
853,558.0285359072966
854,535.4735729522032
855,442.13152114018766
856,295.78791241651675
857,186.05690679862423
858,99.2456500960754
859,39.60036243801612
860,56.13860234690706
861,50.1489727729282
862,19.117976381478023
863,18.11983353585184
864,26.157803528697464
865,30.13663539751737
866,38.44559356140643
867,88.54988006073206
868,171.4931404686829
869,301.77004072509925
870,445.4734586688484
871,561.0552087101313
872,692.8920711636425
873,700.1905616973014
874,704.4463390469552
875,688.7192226968556
876,620.3431965896445
877,636.6786036426364
878,539.170865835815
879,399.7633515347737
880,293.67984007190256
881,174.00263499235592
882,103.90351394784052
883,46.82195671496548
884,22.71929044741232
885,27.684039887079845
886,23.874919607904875
887,21.737578600293556
888,17.718361927860485
889,21.313471540386416
890,23.516441963886663
891,36.445824272244586
892,58.70131730024232
893,64.49198316461978
894,83.22837059934879
895,131.5647724652716
896,213.25969742995676
897,225.2123277827524
898,248.3969208052984
899,279.8007739831922
900,342.49678146136904
901,445.38036560202966
902,407.8542420493044
903,271.9188906858845
904,261.52113455835223
905,147.74912833515742
906,87.07105947535199
907,33.74288581116684
908,20.923637175523627
909,19.586447654941846
910,30.62337499394557
911,25.282012743348577
912,17.96929530614528
913,17.707108753003073
914,19.852475018311686
915,57.84071717440529
916,77.6991035557602
917,130.0803983924731
918,178.20189810393455
919,240.36790485408025
920,368.7786032669393
921,341.00761655951067
922,399.5832413374662
923,460.6395664195848
924,449.7067360946037
925,371.30842758814407
926,381.29447667838514
927,332.00149209278794
928,227.9184931439568
929,119.03197240391476
930,90.51866086512052
931,28.36017108569202
932,18.118020161681667
933,17.66728391261632
934,14.434094489607885
935,12.691639676190295
936,16.89024040671774
937,18.9229950568944
938,20.02340204805421
939,40.94274051088585
940,59.37336843763877
941,80.33813925883199
942,199.31596169057443
943,258.42519009681115
944,408.1587928774776
945,446.61420307115566
946,458.5474904135865
947,494.3345889803174
948,336.4310564818888
949,251.5818887341125
950,168.98054893327162
951,152.61915014285
952,131.17825144322998
953,85.7105509297088
954,62.80107261639707
955,38.372001433747904
956,21.99741231706748
957,17.912747760179283
958,17.348341670264652
959,16.255766418243923
960,17.17915246621357
961,19.847153245041596
962,20.048006071576385
963,38.160399612339695
964,53.92635544349184
965,127.7464283681152
966,220.99727163574167
967,264.7535536633059
968,318.2768043282344
969,351.3245073751881
970,303.9680864245532
971,328.9042358464068
972,391.45058904672817
973,335.8293132599252
974,245.9062051344376
975,227.4994012063912
976,241.06911919025717
977,184.9594515672009
978,122.05518563735744
979,53.84499737020844
980,21.753944661138835
981,11.069040198604505
982,12.586964084305604
983,12.369628100513529
984,20.07536692891762
985,20.394055953814373
986,25.150120386735512
987,57.82125005236099
988,89.29001778408791
989,144.7233294853235
990,253.66929724631584
991,286.384051598045
992,338.3230444006573
993,412.0784407826025
994,504.0150880592553
995,451.9145933568845
996,360.81975801010304
997,327.43788363128056
998,254.54649457467968
999,211.51804981196827
1000,186.3295693272032
1001,122.84373217334344
1002,93.20095808855224
1003,41.9522994927327
1004,18.433226263738018
1005,18.0565460366773
1006,17.716901790963167
1007,24.6164775357707
1008,11.123499480813033
1009,11.758476520985306
1010,22.74140641134267
1011,61.48545738616272
1012,103.24507251696302
1013,158.6333949680167
1014,267.36747779072306
1015,257.3599110557089
1016,301.890862999318
1017,366.8273750345909
1018,368.9787253806463
1019,371.4812473340074
1020,418.8763895154101
1021,380.303403861655
1022,261.8837879042499
1023,209.28913584148992
1024,183.2758480965161
1025,132.7785318645851
1026,91.43826024635534
1027,59.6040611508493
1028,19.82371533012507
1029,10.14706477861774
1030,10.244264489091298
1031,12.36819607698335
1032,11.486753316297788
1033,12.298114017487611
1034,16.563012680963098
1035,47.83260205547232
1036,112.52268397045889
1037,174.58674094826108
1038,262.85561957551033
1039,292.35726843783374
1040,409.9631960869724
1041,506.4649786688364
1042,538.9383218558813
1043,537.7153514682655
1044,511.7462451655827
1045,415.961905805923
1046,289.0610240852303
1047,200.57248448719537
1048,185.30095517521383
1049,111.05896668838986
1050,80.39779098213711
1051,50.42479766481494
1052,19.2250255924822
1053,16.677502621494888
1054,16.227506384337584
1055,17.863907281837445
1056,19.819315083835825
1057,21.636614666262545
1058,23.13497155408339
1059,39.36091855698927
1060,56.64736226886709
1061,114.96974041702664
1062,212.7046488010961
1063,237.22341702990548
1064,293.86765985801355
1065,362.12879139706575
1066,338.07010021077537
1067,360.6096994003823
1068,315.9484192564772
1069,291.6979168263405
1070,250.88106198671983
1071,184.21372813733365
1072,167.40146168350265
1073,118.8109296600487
1074,91.43302592997512
1075,51.75095809223332
1076,20.86715102508641
1077,16.572456846078534
1078,16.44848151585807
1079,17.991998635000073
1080,18.929565130072618
1081,20.25793870967737
1082,21.124586332651536
1083,46.55258359112478
1084,88.17645926454684
1085,129.96748748020275
1086,206.5872701613299
1087,256.9844758207345
1088,344.59557670021945
1089,480.08752390004696
1090,561.2580880390681
1091,524.5954250452289
1092,500.4083822503361
1093,468.028373381821
1094,296.2199619138025
1095,208.599062182998
1096,179.4989963112758
1097,152.16251853694592
1098,112.42117850170229
1099,59.679119770566665
1100,21.81588196999754
1101,17.607970807919795
1102,16.788230401490708
1103,18.61310425108166
1104,19.089326103845
1105,22.358231193412266
1106,23.463265483034583
1107,45.88825752830287
1108,63.5547877399357
1109,110.1411075679224
1110,143.51048555294886
1111,188.31500847986769
1112,271.3121780671614
1113,303.57467062069736
1114,341.3410264047543
1115,299.84811967376675
1116,303.4375304602951
1117,316.9057687760217
1118,277.50814162781506
1119,195.0965918804635
1120,169.66194688235012
1121,143.2325625578316
1122,127.87584009924866
1123,71.76834188999501
1124,22.297983890432704
1125,14.20125782191351
1126,13.780343113134675
1127,15.572666221109412
1128,9.249049102697684
1129,10.45213604240104
1130,37.09189974014793
1131,102.52389757298242
1132,204.26135117749504
1133,362.8424656669934
1134,498.84228031437897
1135,643.9697686267748
1136,776.3197582190066
1137,935.8599543065154
1138,971.2203950242928
1139,964.1897358917596
1140,939.0038856220528
1141,848.3856615717812
1142,715.7674978087065
1143,545.7785893994284
1144,363.8388675095387
1145,246.89226777999053
1146,156.17426543968912
1147,99.66817987037528
1148,88.57905097399392
1149,57.83525690620761
1150,47.34476568590392
1151,55.14331498020477
1152,51.68339482943159
1153,48.87733616525198
1154,59.55851359917834
1155,93.61333809540056
1156,177.1496019115488
1157,282.1495583490127
1158,445.8632733675775
1159,535.1361939012493
1160,646.6031099632107
1161,757.9151741467418
1162,765.6822166464281
1163,666.6691623272677
1164,458.84818154079176
1165,357.135960180031
1166,300.7706417327585
1167,269.0943211463335
1168,244.03707702545037
1169,158.74988198200538
1170,113.43559284684862
1171,64.84076722337086
1172,96.94184665967096
1173,59.72262179731037
1174,56.20180947651634
1175,47.74773860752755
1176,53.7784052240664
1177,54.66477371074222
1178,65.80726215542644
1179,95.9421299148154
1180,132.83628781078085
1181,211.879465738296
1182,347.7036898168265
1183,483.4177286236467
1184,594.1341311919874
1185,630.5353612875397
1186,671.2013932396128
1187,804.7572366185153
1188,761.7016013229884
1189,706.6593435063137
1190,611.0275995200142
1191,525.6007218901359
1192,395.2564344012204
1193,247.58593747025924
1194,160.22665571735928
1195,90.23381103094503
1196,101.8389334578122
1197,94.7750819609606
1198,54.5481738486991
1199,51.912383405827306
1200,72.08601277231007
1201,91.91555940152496
1202,84.6442721805393
1203,117.794855907248
1204,222.35209746246107
1205,318.31405941705407
1206,442.66461729054873
1207,553.2065920880386
1208,719.2537930923224
1209,779.8494823535609
1210,895.2116810528072
1211,882.0484599125541
1212,869.7076683171912
1213,749.5325713321611
1214,622.3263554828526
1215,508.1771794920898
1216,387.0533957886351
1217,248.88620316455336
1218,156.71116105190822
1219,78.42091467130146
1220,74.34974108752887
1221,64.74673632364892
1222,60.434246103530505
1223,58.51809442165237
1224,31.54617493786849
1225,40.39965902168989
1226,44.22446879403494
1227,87.55102139184521
1228,217.7588640781732
1229,294.60073683812345
1230,395.3255504332668
1231,605.4327917718894
1232,743.7375903933319
1233,735.5947942381208
1234,808.237036511274
1235,772.1629833418829
1236,705.9804054992173
1237,684.0191727009033
1238,491.3802703772348
1239,349.15680146933033
1240,286.7419814394005
1241,192.6356387976083
1242,130.8107379518244
1243,79.23085700656299
1244,52.16254115071296
1245,49.653326146557895
1246,36.73407585569149
1247,35.19086870423588
1248,52.649979385404045
1249,49.77884674819082
1250,42.97325564388138
1251,58.90157573382104
1252,78.93016306994396
1253,168.11895646741834
1254,227.0721502396193
1255,295.02697038870934
1256,286.2604550379111
1257,234.93158603352165
1258,269.37821968834527
1259,476.9313690573568
1260,518.4999549667829
1261,674.2361991124137
1262,524.6359739451236
1263,469.9046521375689
1264,332.18426558565443
1265,222.86211232380333
1266,145.76660060538694
1267,123.97014858224242
1268,127.48486300205478
1269,108.71462715988076
1270,108.12482137012344
1271,67.96802886421447
1272,34.01187598984981
1273,36.997963761770414
1274,37.54049364407253
1275,50.61246833692617
1276,69.72566508425554
1277,70.09419696132782
1278,130.14747878649
1279,187.9206565890925
1280,245.11865443683732
1281,252.3863818979501
1282,281.17165428781567
1283,279.55673762415887
1284,331.070932732529
1285,327.2352386327668
1286,334.58716915761084
1287,365.1524278469475
1288,310.8856071115138
1289,186.09073554814293
1290,134.00129622395718
1291,64.40542419786856
1292,27.96375451475907
1293,22.68873286306405
1294,31.159732986844023
1295,31.515985635739103
1296,85.01354445457034
1297,79.44500427615391
1298,76.48592404672002
1299,119.02712642116684
1300,211.13187093101857
1301,310.4163552025836
1302,476.69410174655576
1303,588.5576293298324
1304,615.9298151013476
1305,603.6264254225655
1306,694.9920372016614
1307,645.5122161932684
1308,554.7857286435294
1309,517.4527770603233
1310,410.5541399593324
1311,401.1863775530646
1312,269.757441537398
1313,215.6056032287034
1314,126.7339627005753
1315,85.31731608755585
1316,96.42319253334144
1317,95.44513644557564
1318,100.48832459937115
1319,96.7261791707622
1320,30.55067700561809
1321,33.30491354025399
1322,38.09227460304744
1323,86.2823105963482
1324,193.47374028497984
1325,285.239380902764
1326,424.9095639281614
1327,581.8728518936362
1328,649.7697073512248
1329,650.4535463688753
1330,779.6319903375042
1331,819.4334117254739
1332,812.0805532670641
1333,701.2394759317618
1334,556.2193010426156
1335,394.5125745879155
1336,266.1545777657811
1337,191.83245902688637
1338,132.29292622354637
1339,78.64825519281709
1340,50.72125601749978
1341,34.88918219672415
1342,34.322532496991094
1343,32.491633588516144
1344,35.95807270482876
1345,37.77710628146475
1346,40.16020325140359
1347,81.70460174997991
1348,135.67021747303858
1349,180.1132369021305
1350,220.13042765755725
1351,226.74754450262407
1352,228.3894298251862
1353,227.6059859622532
1354,313.24796309160644
1355,328.3724839726556
1356,274.5730579770632
1357,278.7137068275675
1358,224.2929446261198
1359,219.98526670228412
1360,174.8345638538952
1361,100.18072410296024
1362,72.71401730692979
1363,49.5042890408917
1364,36.06927639308285
1365,33.3921241279465
1366,29.29726231122352
1367,28.20064866861233
1368,27.741855167658063
1369,29.25417992362169
1370,35.34310289999731
1371,46.002056237696834
1372,59.08132937487269
1373,79.98238757766244
1374,105.78308704052095
1375,181.6745272552487
1376,203.94493172307196
1377,158.9610584520322
1378,161.07019240939047
1379,205.77959035379763
1380,180.4882433955242
1381,238.73125181520143
1382,234.9655854848245
1383,205.08274138757253
1384,165.04393065429844
1385,106.82636113167844
1386,80.06055521854225
1387,41.499456863086586
1388,27.63584370922538
1389,20.6309523735322
1390,17.672505603440943
1391,15.296567852723111
1392,42.36917265038028
1393,42.00920729476029
1394,44.40203356098745
1395,81.58706976975894
1396,157.24699888320987
1397,216.907065712434
1398,326.2624792090251
1399,371.15032883640106
1400,515.6358943049684
1401,515.3250258209742
1402,530.2536706709034
1403,567.2644214263647
1404,486.6055761543527
1405,489.48616273676686
1406,386.2189343829932
1407,315.11406810195365
1408,217.3134415860576
1409,164.0608778188665
1410,113.82549854370488
1411,67.25856981869042
1412,64.25293039809479
1413,90.34022636368633
1414,82.87757995403119
1415,71.75116739724125
1416,70.5694680982526
1417,60.36177922524576
1418,64.51458056224236
1419,64.34780906165452
1420,112.36831960378012
1421,115.59406999099008
1422,129.959116542337
1423,165.20543097710123
1424,262.5424590866682
1425,499.25689090011485
1426,452.0332119794678
1427,476.5806617161144
1428,466.617723362336
1429,497.162698793868
1430,409.1291958925071
1431,230.46749684705364
1432,149.83783616604214
1433,118.78682122316506
1434,76.34704855365085
1435,45.72356967574687
1436,26.723258825379958
1437,19.364385689840024
1438,17.14151456732588
1439,14.949202454152724
1440,1.5414573599883044
1441,1.5414573599883044
1442,1.5471318236292035
1443,5.727889101052737
1444,30.899667872391092
1445,56.54660928552193
1446,131.0104354905418
1447,292.9809938234381
1448,308.9614978675372
1449,417.02914117717376
1450,457.95094016147743
1451,463.8203229386597
1452,363.25699571018174
1453,239.2031912086401
1454,316.1731774244634
1455,261.12208537709563
1456,168.56675397229742
1457,145.28119408583194
1458,73.1370338666406
1459,27.1441989638194
1460,3.272793948634644
1461,2.352453019516882
1462,1.5384994310694644
1463,1.5308718149566227
1464,2.45466390722624
1465,2.470402804030103
1466,2.7356987576109577
1467,8.486925605086073
1468,50.70276651430411
1469,120.31727060208172
1470,163.78247287909554
1471,279.8612953800267
1472,439.03933207981765
1473,578.7073047202397
1474,623.4411553632099
1475,628.0820975727149
1476,639.4094526090516
1477,561.0112515916775
1478,453.0912344296137
1479,387.0475854759813
1480,267.6230720347314
1481,155.98315152547983
1482,101.68027393809022
1483,37.27246842639671
1484,6.523986139950784
1485,2.498870213774606
1486,2.481625425895446
1487,2.36861493806716
1488,1.8771953645370505
1489,1.9043753968961616
1490,3.1778470359449
1491,16.84721169569554
1492,65.69113202204566
1493,161.5123139527803
1494,308.5808552225616
1495,469.5475376496419
1496,609.0109743420111
1497,693.1980362986428
1498,796.9450579730625
1499,787.2634137272524
1500,699.0550564844199
1501,618.2802921300126
1502,552.3609253813993
1503,421.0655032132117
1504,235.63940002698183
1505,144.90936438137825
1506,105.6958922745556
1507,61.317937051199415
1508,13.34941478812894
1509,2.918560761448652
1510,2.6381348296729508
1511,2.620890041793791
1512,1.586217613747524
1513,1.6706963262794252
1514,3.84280953842192
1515,14.52224244168039
1516,59.86069020269161
1517,132.79695431912066
1518,270.056616518831
1519,460.8535578063613
1520,580.71234564545
1521,615.1090017126612
1522,592.0815704240765
1523,610.3261545692624
1524,591.9901344481989
1525,514.5615069089993
1526,481.08325763039113
1527,473.799151552346
1528,340.25548454835666
1529,179.7199704133849
1530,84.63212675923798
1531,52.766766648003326
1532,18.40280339883933
1533,3.280411441735887
1534,2.7672676299795107
1535,2.5358661332341192
1536,1.8611736730059996
1537,2.0015314792572965
1538,6.129441013798747
1539,23.2096490333564
1540,73.59521362892107
1541,157.60248273681017
1542,302.2707485341577
1543,474.88950904456345
1544,602.7884154439062
1545,677.9432327959568
1546,730.7757836500165
1547,802.2780740272982
1548,791.320589741463
1549,736.5737831111998
1550,528.0932755181036
1551,478.3893698377127
1552,348.7107814922208
1553,211.3952867309144
1554,119.48794326950384
1555,66.44227601610955
1556,25.94454204127307
1557,3.983884955848176
1558,2.564445646125628
1559,1.8648805951316136
1560,1.862007391873317
1561,2.098037787150628
1562,5.995473551533067
1563,26.033373968392077
1564,73.43565457368733
1565,175.556103919525
1566,331.4027945245337
1567,485.1653640828438
1568,596.2432585901606
1569,594.663384078053
1570,633.243693520864
1571,542.8354431961085
1572,523.7504895916426
1573,528.3933035234465
1574,492.4765539850714
1575,473.4724631996595
1576,330.09323063708285
1577,164.9480802781521
1578,122.128782500683
1579,65.73538048659131
1580,26.491475243996188
1581,4.201080957629942
1582,2.664509817830905
1583,1.8648805951316136
1584,1.862007391873317
1585,2.113107473033721
1586,6.850234632187831
1587,29.141364198254266
1588,77.0914234870693
1589,177.55947800048628
1590,352.29467634733214
1591,497.2573329308392
1592,628.3129696877216
1593,700.6658859773944
1594,682.9969339868746
1595,671.111523952843
1596,680.6576581899234
1597,552.0649087930861
1598,499.0062806448548
1599,444.26251874793
1600,303.29766428943054
1601,193.84608818027172
1602,123.20477570591666
1603,67.6702104277512
1604,27.93075046100745
1605,3.7111604672160814
1606,1.872260813535782
1607,1.8450521065105103
1608,1.837363917846334
1609,2.1284797033850262
1610,5.253408473106283
1611,17.43305207583114
1612,29.89511454619252
1613,40.09772163630861
1614,92.77267643014822
1615,133.7656192059611
1616,145.6620671653588
1617,165.50159897607344
1618,209.1658158899189
1619,281.7560628250037
1620,312.2623085505067
1621,408.6589289155338
1622,367.7736559804488
1623,316.6592563391313
1624,236.3955584960476
1625,117.57017518317244
1626,71.1793726357389
1627,52.32734135773739
1628,27.83515979053004
1629,3.7868014093726634
1630,1.9072772748206188
1631,1.6522489852293392
1632,1.6374772668668331
1633,2.028687102593932
1634,7.682643224164197
1635,30.32998954728462
1636,48.10190068423644
1637,96.56618254021592
1638,185.98759806351933
1639,279.2385602435711
1640,388.8997444953743
1641,404.4788702554624
1642,413.6596302149732
1643,474.9499447142479
1644,471.4629436422399
1645,494.34091431960536
1646,450.4252196039922
1647,332.9005101006805
1648,193.2639273803717
1649,80.80434838893434
1650,53.600521507252616
1651,37.66731893066862
1652,15.82230169090779
1653,3.6876252698552983
1654,1.6027247583201825
1655,1.5612926154235374
1656,1.844413764623312
1657,2.4470131512954807
1658,6.322616927393876
1659,18.018526139328586
1660,33.59071670713985
1661,44.813780129649125
1662,137.76571304619725
1663,215.4967009976484
1664,347.246518795755
1665,364.91078173782654
1666,395.4264709586381
1667,339.3226470408258
1668,292.87424402429764
1669,284.03526436122735
1670,175.00482754770408
1671,163.74186403403712
1672,129.67456325256225
1673,68.4913503695267
1674,43.78708807802244
1675,37.649206864704944
1676,21.46813448151631
1677,5.951491165181519
1678,2.0241484073911047
1679,1.864679256228003
1680,1.863135155512662
1681,2.461256592586576
1682,6.194429689839666
1683,22.13752639641009
1684,42.46278900793807
1685,91.81307053472716
1686,177.0085949604051
1687,279.4430961388193
1688,384.18935990398455
1689,318.9603260900668
1690,307.05461361184734
1691,353.0070555372848
1692,383.7643657856784
1693,366.821045288715
1694,311.41445138946773
1695,249.31616806911435
1696,261.4494701049072
1697,182.2343761262065
1698,128.48880675147387
1699,76.88243660061917
1700,31.37046036482436
1701,7.827983143838022
1702,2.6131675694647347
1703,2.3713194792074264
1704,1.969429012314019
1705,2.7702785610761382
1706,8.255777091552387
1707,27.05312689387704
1708,64.15427993918362
1709,144.0234427427481
1710,196.84877026324173
1711,261.7233901431491
1712,313.9186914152237
1713,445.60823828066265
1714,463.6920632686749
1715,453.9859094381584
1716,366.1819507391669
1717,362.3951124152911
1718,308.52381919865127
1719,230.4477806566161
1720,198.00911751379303
1721,99.67014825374902
1722,58.72566260317832
1723,39.00320510618217
1724,19.76482732815739
1725,6.938801007368745
1726,2.1379772151469463
1727,1.8129888033920696
1728,2.5310646578585723
1729,2.4182513880370826
1730,5.999532265557208
1731,31.384353759126192
1732,52.369597934108384
1733,114.85429941052432
1734,207.4588864997799
1735,279.190719219873
1736,317.9729897392891
1737,366.6990034771224
1738,382.8819347943026
1739,444.769259515664
1740,374.9206192132923
1741,318.73854011521496
1742,258.1528506926514
1743,255.45157933416087
1744,190.35456156031717
1745,130.9803744557948
1746,96.92504644528388
1747,59.16369072562955
1748,33.49265805339991
1749,7.288743564294435
1750,2.065457874178248
1751,1.7868202130242117
1752,2.014118743403658
1753,2.7137123605747964
1754,6.13144463299974
1755,30.173459283147924
1756,80.58312774922818
1757,142.93895652693496
1758,212.174290212896
1759,305.84473063432387
1760,440.2457990647374
1761,451.9606260012582
1762,459.4008852891788
1763,444.9158731847761
1764,451.88950036972255
1765,378.9010151741573
1766,322.8743714552168
1767,209.64005900047115
1768,153.3391811898761
1769,96.93355981757796
1770,57.75726094790961
1771,37.90833481536949
1772,25.95614560958221
1773,6.998472775785533
1774,2.095894715845656
1775,2.015114781755544
1776,2.1158954031467223
1777,2.7082052112506663
1778,5.964266059690028
1779,21.49732056143808
1780,42.37920226264519
1781,68.13894670670717
1782,148.95814013247315
1783,204.98359136545608
1784,211.8053483696586
1785,279.7269683758737
1786,326.98207904640697
1787,366.70693795385125
1788,364.5593902206046
1789,261.9846360331642
1790,202.46674636541243
1791,184.84417913560677
1792,164.9695439867777
1793,102.02522013646114
1794,66.22375429970153
1795,47.93565682210672
1796,30.06070863287117
1797,7.684025246128073
1798,2.361985731460132
1799,2.0058668355699085
1800,2.102121500289954
1801,3.023409047211985
1802,5.233034224950737
1803,29.016885173565864
1804,59.90324492465349
1805,88.46556143974891
1806,144.31146583263413
1807,205.56074712623905
1808,291.0924498986506
1809,421.7748140209773
1810,484.0262648496788
1811,483.9053833974631
1812,493.30442507589805
1813,474.92128502159005
1814,311.62486554312903
1815,222.02138670397872
1816,172.3847844531023
1817,154.021116972538
1818,98.57213402789448
1819,59.11670644517549
1820,30.58920606340808
1821,8.492616066748843
1822,2.6358487044873296
1823,2.0134770547957137
1824,2.133366668560339
1825,3.118459886908599
1826,6.01070850262691
1827,24.814111720111388
1828,51.83754459605796
1829,82.03282569027924
1830,133.39374089686737
1831,170.27191973858376
1832,216.12861108903408
1833,269.151456258718
1834,311.9477540285298
1835,288.0343453617219
1836,303.9246429725687
1837,335.3958235568068
1838,272.2416765849296
1839,200.1882121435518
1840,163.6974480314259
1841,121.77187519870245
1842,109.26578714565674
1843,73.77569011041929
1844,43.059626849336006
1845,11.161685662001334
1846,2.840095677916802
1847,2.140711998439963
1848,2.042704364514468
1849,3.5068276909587457
1850,14.3971483624668
1851,54.842834597396376
1852,105.29510758973936
1853,195.6889103677715
1854,406.2816936950846
1855,575.2829721278331
1856,670.0932636890356
1857,802.5825146372105
1858,849.7491003799821
1859,856.0068594360041
1860,850.5817122248502
1861,806.8237909037032
1862,657.1847685801383
1863,522.1642840846232
1864,402.2811771585128
1865,232.5825258453164
1866,149.49706089209698
1867,94.85855051234118
1868,49.06558134912526
1869,12.932472705531278
1870,3.821215201365369
1871,2.868847969768852
1872,2.834728409326474
1873,4.774890226514998
1874,14.785841160702676
1875,52.89993229553545
1876,95.07776985673776
1877,177.5321282261597
1878,335.98792854276934
1879,470.7154396587376
1880,587.3705641623291
1881,649.4420848923955
1882,643.2606874153369
1883,656.3002677791907
1884,410.2066850239913
1885,330.531497615454
1886,273.0583633861057
1887,231.9439150171003
1888,260.3989110441904
1889,141.64041611111614
1890,81.69878314603842
1891,56.09962994911373
1892,37.21810839854588
1893,13.450231606718058
1894,3.9779851162249
1895,2.863227210882626
1896,3.189554474610723
1897,3.602511527249315
1898,9.344003978441176
1899,29.831178742552787
1900,59.62851902814428
1901,151.82250936070014
1902,264.70181182714987
1903,477.1607487199989
1904,511.382226332436
1905,588.4744229950154
1906,660.4617000723022
1907,780.1412106121262
1908,813.7550037068985
1909,771.312844130871
1910,643.7329129928688
1911,532.5247289382982
1912,391.5117297329304
1913,243.15460346426755
1914,145.00211896093467
1915,95.54888193672862
1916,53.22805098857163
1917,13.181312205505574
1918,4.101061580113172
1919,2.8694814104951933
1920,2.3888570006586
1921,3.880194152362504
1922,12.713957893843642
1923,43.7778623293647
1924,99.02651688217
1925,199.90708189145604
1926,366.9481404644923
1927,528.4926884487408
1928,666.5745402785662
1929,801.69062927248
1930,844.1960124744768
1931,844.0846794879172
1932,830.5751078820269
1933,791.8180133879594
1934,653.212793226384
1935,522.2152564429865
1936,393.9124644418627
1937,245.4896280081662
1938,147.7455498756006
1939,94.6895030678005
1940,55.809919056616565
1941,16.09411782245436
1942,4.273406403563243
1943,3.0958489681126853
1944,2.428652018939458
1945,4.083728751333414
1946,15.18130448345132
1947,43.70603611830216
1948,95.21336590205355
1949,188.16146105901365
1950,343.6444271785469
1951,535.2662278224317
1952,681.8692583467657
1953,779.7364659774338
1954,812.8523176332205
1955,772.0839263334999
1956,584.5386029996616
1957,627.608945194732
1958,525.8187801218511
1959,367.5845634213705
1960,281.6005488650949
1961,182.2226637138725
1962,118.5883188310489
1963,72.39761054620216
1964,46.27683224219148
1965,16.691925837133805
1966,3.601940343720341
1967,2.057743061896124
1968,2.418540818437979
1969,3.761444923418993
1970,10.15588263852527
1971,25.240865459836005
1972,49.84793945518707
1973,94.06998326327972
1974,155.51481351379198
1975,274.3917255468186
1976,307.4604198167722
1977,304.19217276386047
1978,222.23679508337185
1979,405.87242509102975
1980,569.7606907605632
1981,649.7667624326785
1982,557.1106736092471
1983,472.17491347337534
1984,350.3261486621966
1985,228.1332685778985
1986,143.53516335718436
1987,85.0796094588378
1988,53.391383606443696
1989,17.60498155458637
1990,4.9040632253888425
1991,3.036012943016567
1992,2.305900215546528
1993,2.596363410921678
1994,7.150713571597603
1995,32.35607822014179
1996,42.41166511254728
1997,46.24711259508994
1998,91.76233212764392
1999,130.69787213399658
2000,196.3832754527872
2001,254.68830760602103
2002,275.1665518428807
2003,247.7196837315495
2004,240.81180926460496
2005,266.0178951318404
2006,320.9479492150835
2007,396.3391651656252
2008,291.7072815139786
2009,174.01734935579282
2010,122.85460083185558
2011,73.69562071889278
2012,45.13724612375957
2013,12.063471189853624
2014,3.6095970709859673
2015,2.456924821447604
2016,2.3913668158323835
2017,3.0370005259689505
2018,12.727719946668348
2019,44.47512339281305
2020,98.8690890130512
2021,190.1920918616642
2022,367.01214336408304
2023,540.2629549052139
2024,626.6983484720226
2025,761.9958779056922
2026,820.782371381864
2027,850.7742144334677
2028,803.4292198990097
2029,606.8065737442652
2030,517.5147039123844
2031,385.00424028039055
2032,307.8293951511096
2033,205.28746465061755
2034,143.74928193322717
2035,87.3800254571609
2036,53.67256791173558
2037,15.702715022752775
2038,4.735503440330168
2039,3.044676929277814
2040,2.370954184330196
2041,3.11334391803403
2042,12.39392331431237
2043,43.66756658162455
2044,91.40433288365584
2045,168.47694467518352
2046,362.8106744378386
2047,485.4793225404422
2048,627.2981502661106
2049,659.6672176296742
2050,849.5108208237223
2051,853.1294286521027
2052,847.9698780327129
2053,773.3079562303986
2054,604.2525452986233
2055,430.1148560821431
2056,302.3671677058352
2057,167.98377454912082
2058,116.5585844220424
2059,75.43737258861333
2060,50.49702079676755
2061,15.963850677866729
2062,4.537289126758962
2063,2.148995839559799
2064,2.3890957762437672
2065,3.1705177009222547
2066,11.028292872486814
2067,46.38305998058815
2068,87.6099867983505
2069,119.05654069705328
2070,160.45463519421097
2071,186.19626005136385
2072,195.58153846377988
2073,193.741812706573
2074,294.7973194343444
2075,277.371186766657
2076,233.56311907373
2077,202.8102430061325
2078,156.62289928925733
2079,148.83075034470505
2080,130.08573922919854
2081,95.2735362282881
2082,53.53584625246898
2083,35.61017896823923
2084,33.6712135742732
2085,10.676820347104773
2086,3.374257654825912
2087,1.9765411806125293
2088,2.190868908224415
2089,2.6693937967974533
2090,5.021234533654477
2091,23.91554267942196
2092,37.53829168943195
2093,44.52808966927193
2094,79.76237799030378
2095,159.9900651127748
2096,173.504133183668
2097,152.3471984331181
2098,166.51832764839108
2099,208.21825549759853
2100,203.39767409511984
2101,197.8542109162644
2102,185.82610166694704
2103,188.88948269935736
2104,144.5324584614091
2105,104.95209072949994
2106,64.34805974110374
2107,38.78397258110704
2108,32.402176224872164
2109,10.59277172622966
2110,3.380414312212636
2111,2.021784795509423
2112,2.0435491661080296
2113,3.981554987397353
2114,10.782333405004248
2115,43.6904837372763
2116,91.33659054676431
2117,158.4946085039113
2118,239.54251815069964
2119,387.9341693233237
2120,530.5959634517119
2121,711.5507335075594
2122,757.4195539946414
2123,721.8368420536785
2124,612.6301645885812
2125,612.8356838555397
2126,489.6296793455467
2127,324.9320920489975
2128,187.87297381485695
2129,121.9780423252757
2130,111.67349854467004
2131,68.19480927422953
2132,45.19251730198321
2133,16.387763556008057
2134,4.037624128504879
2135,2.059474472254037
2136,2.047839699294832
2137,3.490829378143704
2138,6.320329778802851
2139,29.082034490460703
2140,52.82605980430012
2141,94.26569440121386
2142,119.43086923459906
2143,146.14967078337142
2144,213.49777146021532
2145,285.84088369358403
2146,426.1999153173065
2147,511.4753253715008
2148,547.8269859759329
2149,485.6424422826819
2150,342.3956672348938
2151,231.44191052089684
2152,165.35744886265647
2153,96.26718879872712
2154,73.55660220376834
2155,71.65170413982473
2156,47.638630316571486
2157,15.105749360413595
2158,3.0840006272422427
2159,2.021784795509423
